WeekEndingFriday,Ticker,ClosePrice,ClosePrice_t-1,ClosePrice_t-2,ClosePrice_t+1,AdjClosePrice,AdjClosePrice_t-1,AdjClosePrice_t-2,AdjClosePrice_t+1
2020-12-18,BHP,58.62622833251953,57.555755615234375,56.25334548950195,58.11775207519531,41.40153503417969,40.64556884765625,39.72581481933594,41.04244613647461
2020-12-25,BHP,58.11775207519531,58.62622833251953,57.555755615234375,58.2872428894043,41.04244613647461,41.40153503417969,40.64556884765625,41.162139892578125
2021-01-01,BHP,58.2872428894043,58.11775207519531,58.62622833251953,65.53077697753906,41.162139892578125,41.04244613647461,41.40153503417969,46.27748489379883
2021-01-08,BHP,65.53077697753906,58.2872428894043,58.11775207519531,62.9884033203125,46.27748489379883,41.162139892578125,41.04244613647461,44.48207473754883
2021-01-15,BHP,62.9884033203125,65.53077697753906,58.2872428894043,64.0410385131836,44.48207473754883,46.27748489379883,41.162139892578125,45.225433349609375
2021-01-22,BHP,64.0410385131836,62.9884033203125,65.53077697753906,59.57181167602539,45.225433349609375,44.48207473754883,46.27748489379883,42.069297790527344
2021-01-29,BHP,59.57181167602539,64.0410385131836,62.9884033203125,60.463871002197266,42.069297790527344,45.225433349609375,44.48207473754883,42.69926452636719
2021-02-05,BHP,60.463871002197266,59.57181167602539,64.0410385131836,62.78322982788086,42.69926452636719,42.069297790527344,45.225433349609375,44.33718490600586
2021-02-12,BHP,62.78322982788086,60.463871002197266,59.57181167602539,67.89473724365234,44.33718490600586,42.69926452636719,42.069297790527344,47.9468994140625
2021-02-19,BHP,67.89473724365234,62.78322982788086,60.463871002197266,67.71632385253906,47.9468994140625,44.33718490600586,42.69926452636719,47.82090759277344
2021-02-26,BHP,67.71632385253906,67.89473724365234,62.78322982788086,68.12667083740234,47.82090759277344,47.9468994140625,44.33718490600586,49.3411750793457
2021-03-05,BHP,68.12667083740234,67.71632385253906,67.89473724365234,66.5298843383789,49.3411750793457,47.82090759277344,47.9468994140625,48.1846923828125
2021-03-12,BHP,66.5298843383789,68.12667083740234,67.71632385253906,61.400535583496094,48.1846923828125,49.3411750793457,47.82090759277344,44.46973419189453
2021-03-19,BHP,61.400535583496094,66.5298843383789,68.12667083740234,62.72078323364258,44.46973419189453,48.1846923828125,49.3411750793457,45.42592239379883
2021-03-26,BHP,62.72078323364258,61.400535583496094,66.5298843383789,62.033897399902344,45.42592239379883,44.46973419189453,48.1846923828125,44.92844772338867
2021-04-02,BHP,62.033897399902344,62.72078323364258,61.400535583496094,63.09545135498047,44.92844772338867,45.42592239379883,44.46973419189453,45.69728088378906
2021-04-09,BHP,63.09545135498047,62.033897399902344,62.72078323364258,65.78947448730469,45.69728088378906,44.92844772338867,45.42592239379883,47.64844512939453
2021-04-16,BHP,65.78947448730469,63.09545135498047,62.033897399902344,66.61908721923828,47.64844512939453,45.69728088378906,44.92844772338867,48.24929428100586
2021-04-23,BHP,66.61908721923828,65.78947448730469,63.09545135498047,64.90633392333984,48.24929428100586,47.64844512939453,45.69728088378906,47.00882339477539
2021-04-30,BHP,64.90633392333984,66.61908721923828,65.78947448730469,70.81177520751953,47.00882339477539,48.24929428100586,47.64844512939453,51.28587341308594
2021-05-07,BHP,70.81177520751953,64.90633392333984,66.61908721923828,69.10794067382812,51.28587341308594,47.00882339477539,48.24929428100586,50.0518684387207
2021-05-14,BHP,69.10794067382812,70.81177520751953,64.90633392333984,65.44156646728516,50.0518684387207,51.28587341308594,47.00882339477539,47.39647674560547
2021-05-21,BHP,65.44156646728516,69.10794067382812,70.81177520751953,66.1106185913086,47.39647674560547,50.0518684387207,51.28587341308594,47.88103485107422
2021-05-28,BHP,66.1106185913086,65.44156646728516,69.10794067382812,67.90365600585938,47.88103485107422,47.39647674560547,50.0518684387207,49.179656982421875
2021-06-04,BHP,67.90365600585938,66.1106185913086,65.44156646728516,67.6806411743164,49.179656982421875,47.88103485107422,47.39647674560547,49.01813507080078
2021-06-11,BHP,67.6806411743164,67.90365600585938,66.1106185913086,61.14183807373047,49.01813507080078,49.179656982421875,47.88103485107422,44.28236389160156
2021-06-18,BHP,61.14183807373047,67.6806411743164,67.90365600585938,65.32559967041016,44.28236389160156,49.01813507080078,49.179656982421875,47.31248092651367
2021-06-25,BHP,65.32559967041016,61.14183807373047,67.6806411743164,65.08474731445312,47.31248092651367,44.28236389160156,49.01813507080078,47.13804244995117
2021-07-02,BHP,65.08474731445312,65.32559967041016,61.14183807373047,68.22480010986328,47.13804244995117,47.31248092651367,44.28236389160156,49.41224670410156
2021-07-09,BHP,68.22480010986328,65.08474731445312,65.32559967041016,66.35147094726562,49.41224670410156,47.13804244995117,47.31248092651367,48.055477142333984
2021-07-16,BHP,66.35147094726562,68.22480010986328,65.08474731445312,68.1801986694336,48.055477142333984,49.41224670410156,47.13804244995117,49.379947662353516
2021-07-23,BHP,68.1801986694336,66.35147094726562,68.22480010986328,70.08028411865234,49.379947662353516,48.055477142333984,49.41224670410156,50.75609588623047
2021-07-30,BHP,70.08028411865234,68.1801986694336,66.35147094726562,68.43889617919922,50.75609588623047,49.379947662353516,48.055477142333984,49.56730651855469
2021-08-06,BHP,68.43889617919922,70.08028411865234,68.1801986694336,69.42015838623047,49.56730651855469,50.75609588623047,49.379947662353516,50.27798843383789
2021-08-13,BHP,69.42015838623047,68.43889617919922,70.08028411865234,56.73505783081055,50.27798843383789,49.56730651855469,50.75609588623047,41.090728759765625
2021-08-20,BHP,56.73505783081055,69.42015838623047,68.43889617919922,59.39339828491211,41.090728759765625,50.27798843383789,49.56730651855469,43.01604461669922
2021-08-27,BHP,59.39339828491211,56.73505783081055,69.42015838623047,56.208740234375,43.01604461669922,41.090728759765625,50.27798843383789,43.366817474365234
2021-09-03,BHP,56.208740234375,59.39339828491211,56.73505783081055,54.29081344604492,43.366817474365234,43.01604461669922,41.090728759765625,41.88707733154297
2021-09-10,BHP,54.29081344604492,56.208740234375,59.39339828491211,49.545047760009766,41.88707733154297,43.366817474365234,43.01604461669922,38.2255744934082
2021-09-17,BHP,49.545047760009766,54.29081344604492,56.208740234375,48.64406967163086,38.2255744934082,41.88707733154297,43.366817474365234,37.53043746948242
2021-09-24,BHP,48.64406967163086,49.545047760009766,54.29081344604492,47.76984786987305,37.53043746948242,38.2255744934082,41.88707733154297,36.85594940185547
2021-10-01,BHP,47.76984786987305,48.64406967163086,49.545047760009766,49.116859436035156,36.85594940185547,37.53043746948242,38.2255744934082,37.895206451416016
2021-10-08,BHP,49.116859436035156,47.76984786987305,48.64406967163086,51.2756462097168,37.895206451416016,36.85594940185547,37.53043746948242,39.56077575683594
2021-10-15,BHP,51.2756462097168,49.116859436035156,47.76984786987305,50.597679138183594,39.56077575683594,37.895206451416016,36.85594940185547,39.0377082824707
2021-10-22,BHP,50.597679138183594,51.2756462097168,49.116859436035156,48.92060852050781,39.0377082824707,39.56077575683594,37.895206451416016,37.74379348754883
2021-10-29,BHP,48.92060852050781,50.597679138183594,51.2756462097168,47.65388107299805,37.74379348754883,39.0377082824707,39.56077575683594,36.766475677490234
2021-11-05,BHP,47.65388107299805,48.92060852050781,50.597679138183594,48.63514709472656,36.766475677490234,37.74379348754883,39.0377082824707,37.523555755615234
2021-11-12,BHP,48.63514709472656,47.65388107299805,48.92060852050781,46.70829772949219,37.523555755615234,36.766475677490234,37.74379348754883,36.03692626953125
2021-11-19,BHP,46.70829772949219,48.63514709472656,47.65388107299805,48.55486297607422,36.03692626953125,37.523555755615234,36.766475677490234,37.461612701416016
2021-11-26,BHP,48.55486297607422,46.70829772949219,48.63514709472656,48.62622833251953,37.461612701416016,36.03692626953125,37.523555755615234,37.51667022705078
2021-12-03,BHP,48.62622833251953,48.55486297607422,46.70829772949219,51.02587127685547,37.51667022705078,37.461612701416016,36.03692626953125,39.36806869506836
2021-12-10,BHP,51.02587127685547,48.62622833251953,48.55486297607422,51.98037338256836,39.36806869506836,37.51667022705078,37.461612701416016,40.10450744628906
2021-12-17,BHP,51.98037338256836,51.02587127685547,48.62622833251953,53.452274322509766,40.10450744628906,39.36806869506836,37.51667022705078,41.2401237487793
2021-12-24,BHP,53.452274322509766,51.98037338256836,51.02587127685547,53.83586120605469,41.2401237487793,40.10450744628906,39.36806869506836,41.53607177734375
2021-12-31,BHP,53.83586120605469,53.452274322509766,51.98037338256836,57.41302490234375,41.53607177734375,41.2401237487793,40.10450744628906,44.295963287353516
2022-01-07,BHP,57.41302490234375,53.83586120605469,53.452274322509766,59.741302490234375,44.295963287353516,41.53607177734375,41.2401237487793,46.09230422973633
2022-01-14,BHP,59.741302490234375,57.41302490234375,53.83586120605469,57.95718002319336,46.09230422973633,44.295963287353516,41.53607177734375,44.715797424316406
2022-01-21,BHP,57.95718002319336,59.741302490234375,57.41302490234375,57.243534088134766,44.715797424316406,46.09230422973633,44.295963287353516,44.16519546508789
2022-01-28,BHP,57.243534088134766,57.95718002319336,59.741302490234375,59.018733978271484,44.16519546508789,44.715797424316406,46.09230422973633,45.534820556640625
2022-02-04,BHP,59.018733978271484,57.243534088134766,57.95718002319336,61.471900939941406,45.534820556640625,44.16519546508789,44.715797424316406,47.42751693725586
2022-02-11,BHP,61.471900939941406,59.018733978271484,57.243534088134766,61.85548782348633,47.42751693725586,45.534820556640625,44.16519546508789,47.72346115112305
2022-02-18,BHP,61.85548782348633,61.471900939941406,59.018733978271484,59.82158660888672,47.72346115112305,47.42751693725586,45.534820556640625,48.259822845458984
2022-02-25,BHP,59.82158660888672,61.85548782348633,61.471900939941406,65.22747802734375,48.259822845458984,47.72346115112305,47.42751693725586,52.620914459228516
2022-03-04,BHP,65.22747802734375,59.82158660888672,61.85548782348633,61.1507568359375,52.620914459228516,48.259822845458984,47.72346115112305,49.33209991455078
2022-03-11,BHP,61.1507568359375,65.22747802734375,59.82158660888672,61.37377166748047,49.33209991455078,52.620914459228516,48.259822845458984,49.51201629638672
2022-03-18,BHP,61.37377166748047,61.1507568359375,65.22747802734375,67.20784759521484,49.51201629638672,49.33209991455078,52.620914459228516,54.21853256225586
2022-03-25,BHP,67.20784759521484,61.37377166748047,61.1507568359375,70.74040985107422,54.21853256225586,49.51201629638672,49.33209991455078,57.06835174560547
2022-04-01,BHP,70.74040985107422,67.20784759521484,61.37377166748047,69.2863540649414,57.06835174560547,54.21853256225586,49.51201629638672,55.895320892333984
2022-04-08,BHP,69.2863540649414,70.74040985107422,67.20784759521484,69.71453857421875,55.895320892333984,57.06835174560547,54.21853256225586,56.24074935913086
2022-04-15,BHP,69.71453857421875,69.2863540649414,70.74040985107422,60.65120315551758,56.24074935913086,55.895320892333984,57.06835174560547,48.92909622192383
2022-04-22,BHP,60.65120315551758,69.71453857421875,69.2863540649414,59.750221252441406,48.92909622192383,56.24074935913086,55.895320892333984,48.202247619628906
2022-04-29,BHP,59.750221252441406,60.65120315551758,69.71453857421875,58.74219512939453,48.202247619628906,48.92909622192383,56.24074935913086,47.38904571533203
2022-05-06,BHP,58.74219512939453,59.750221252441406,60.65120315551758,56.68153381347656,47.38904571533203,48.202247619628906,48.92909622192383,45.726654052734375
2022-05-13,BHP,56.68153381347656,58.74219512939453,59.750221252441406,60.053524017333984,45.726654052734375,47.38904571533203,48.202247619628906,48.446929931640625
2022-05-20,BHP,60.053524017333984,56.68153381347656,58.74219512939453,63.354148864746094,48.446929931640625,45.726654052734375,47.38904571533203,51.10964584350586
2022-05-27,BHP,63.354148864746094,60.053524017333984,56.68153381347656,67.0999984741211,51.10964584350586,48.446929931640625,45.726654052734375,54.13153076171875
2022-06-03,BHP,67.0999984741211,63.354148864746094,60.053524017333984,63.47999954223633,54.13153076171875,51.10964584350586,48.446929931640625,51.21116638183594
2022-06-10,BHP,63.47999954223633,67.0999984741211,63.354148864746094,57.7599983215332,51.21116638183594,54.13153076171875,51.10964584350586,46.596675872802734
2022-06-17,BHP,57.7599983215332,63.47999954223633,67.0999984741211,56.31999969482422,46.596675872802734,51.21116638183594,54.13153076171875,45.43498992919922
2022-06-24,BHP,56.31999969482422,57.7599983215332,63.47999954223633,54.130001068115234,45.43498992919922,46.596675872802734,51.21116638183594,43.668251037597656
2022-07-01,BHP,54.130001068115234,56.31999969482422,57.7599983215332,52.9900016784668,43.668251037597656,45.43498992919922,46.596675872802734,42.74858474731445
2022-07-08,BHP,52.9900016784668,54.130001068115234,56.31999969482422,49.27000045776367,42.74858474731445,43.668251037597656,45.43498992919922,39.7475471496582
2022-07-15,BHP,49.27000045776367,52.9900016784668,54.130001068115234,51.09000015258789,39.7475471496582,42.74858474731445,43.668251037597656,41.21579360961914
2022-07-22,BHP,51.09000015258789,49.27000045776367,52.9900016784668,55.040000915527344,41.21579360961914,39.7475471496582,42.74858474731445,44.402374267578125
2022-07-29,BHP,55.040000915527344,51.09000015258789,49.27000045776367,54.400001525878906,44.402374267578125,41.21579360961914,39.7475471496582,43.886070251464844
2022-08-05,BHP,54.400001525878906,55.040000915527344,51.09000015258789,55.7599983215332,43.886070251464844,44.402374267578125,41.21579360961914,44.98321533203125
2022-08-12,BHP,55.7599983215332,54.400001525878906,55.040000915527344,56.75,44.98321533203125,43.886070251464844,44.402374267578125,45.78187942504883
2022-08-19,BHP,56.75,55.7599983215332,54.400001525878906,58.880001068115234,45.78187942504883,44.98321533203125,43.886070251464844,47.50021743774414
2022-08-26,BHP,58.880001068115234,56.75,55.7599983215332,50.209999084472656,47.50021743774414,45.78187942504883,44.98321533203125,43.264591217041016
2022-09-02,BHP,50.209999084472656,58.880001068115234,56.75,53.34000015258789,43.264591217041016,47.50021743774414,45.78187942504883,45.96162414550781
2022-09-09,BHP,53.34000015258789,50.209999084472656,58.880001068115234,50.95000076293945,45.96162414550781,43.264591217041016,47.50021743774414,43.9022331237793
2022-09-16,BHP,50.95000076293945,53.34000015258789,50.209999084472656,48.869998931884766,43.9022331237793,45.96162414550781,43.264591217041016,42.10995101928711
2022-09-23,BHP,48.869998931884766,50.95000076293945,53.34000015258789,50.040000915527344,42.10995101928711,43.9022331237793,45.96162414550781,43.11811065673828
2022-09-30,BHP,50.040000915527344,48.869998931884766,50.95000076293945,51.18000030517578,43.11811065673828,42.10995101928711,43.9022331237793,44.10041809082031
2022-10-07,BHP,51.18000030517578,50.040000915527344,48.869998931884766,48.310001373291016,44.10041809082031,43.11811065673828,42.10995101928711,41.62741470336914
2022-10-14,BHP,48.310001373291016,51.18000030517578,50.040000915527344,50.2599983215332,41.62741470336914,44.10041809082031,43.11811065673828,43.30767822265625
2022-10-21,BHP,50.2599983215332,48.310001373291016,51.18000030517578,47.529998779296875,43.30767822265625,41.62741470336914,44.10041809082031,40.95530700683594
2022-10-28,BHP,47.529998779296875,50.2599983215332,48.310001373291016,53.040000915527344,40.95530700683594,43.30767822265625,41.62741470336914,45.70313262939453
2022-11-04,BHP,53.040000915527344,47.529998779296875,50.2599983215332,58.04999923706055,45.70313262939453,40.95530700683594,43.30767822265625,50.020111083984375
2022-11-11,BHP,58.04999923706055,53.040000915527344,47.529998779296875,58.7400016784668,50.020111083984375,45.70313262939453,40.95530700683594,50.61466598510742
2022-11-18,BHP,58.7400016784668,58.04999923706055,53.040000915527344,59.68000030517578,50.61466598510742,50.020111083984375,45.70313262939453,51.42464065551758
2022-11-25,BHP,59.68000030517578,58.7400016784668,58.04999923706055,63.43000030517578,51.42464065551758,50.61466598510742,50.020111083984375,54.655914306640625
2022-12-02,BHP,63.43000030517578,59.68000030517578,58.7400016784668,63.97999954223633,54.655914306640625,51.42464065551758,50.61466598510742,55.129825592041016
2022-12-09,BHP,63.97999954223633,63.43000030517578,59.68000030517578,61.18000030517578,55.129825592041016,54.655914306640625,51.42464065551758,52.717140197753906
2022-12-16,BHP,61.18000030517578,63.97999954223633,63.43000030517578,62.04999923706055,52.717140197753906,55.129825592041016,54.655914306640625,53.466800689697266
2022-12-23,BHP,62.04999923706055,61.18000030517578,63.97999954223633,62.04999923706055,53.466800689697266,52.717140197753906,55.129825592041016,53.466800689697266
2022-12-30,BHP,62.04999923706055,62.04999923706055,61.18000030517578,66.04000091552734,53.466800689697266,53.466800689697266,52.717140197753906,56.904876708984375
2023-01-06,BHP,66.04000091552734,62.04999923706055,62.04999923706055,69.27999877929688,56.904876708984375,53.466800689697266,53.466800689697266,59.696693420410156
2023-01-13,BHP,69.27999877929688,66.04000091552734,62.04999923706055,69.45999908447266,59.696693420410156,56.904876708984375,53.466800689697266,59.8517951965332
2023-01-20,BHP,69.45999908447266,69.27999877929688,66.04000091552734,69.87999725341797,59.8517951965332,59.696693420410156,56.904876708984375,60.21370315551758
2023-01-27,BHP,69.87999725341797,69.45999908447266,69.27999877929688,67.08000183105469,60.21370315551758,59.8517951965332,59.696693420410156,57.8010139465332
2023-02-03,BHP,67.08000183105469,69.87999725341797,69.45999908447266,65.9800033569336,57.8010139465332,60.21370315551758,59.8517951965332,56.853179931640625
2023-02-10,BHP,65.9800033569336,67.08000183105469,69.87999725341797,66.44000244140625,56.853179931640625,57.8010139465332,60.21370315551758,57.24954605102539
2023-02-17,BHP,66.44000244140625,65.9800033569336,67.08000183105469,60.43000030517578,57.24954605102539,56.853179931640625,57.8010139465332,52.070892333984375
2023-02-24,BHP,60.43000030517578,66.44000244140625,65.9800033569336,65.8499984741211,52.070892333984375,57.24954605102539,56.853179931640625,56.74115753173828
2023-03-03,BHP,65.8499984741211,60.43000030517578,66.44000244140625,60.11000061035156,56.74115753173828,52.070892333984375,57.24954605102539,53.312095642089844
2023-03-10,BHP,60.11000061035156,65.8499984741211,60.43000030517578,57.599998474121094,53.312095642089844,56.74115753173828,52.070892333984375,51.08595275878906
2023-03-17,BHP,57.599998474121094,60.11000061035156,65.8499984741211,58.150001525878906,51.08595275878906,53.312095642089844,56.74115753173828,51.57375717163086
2023-03-24,BHP,58.150001525878906,57.599998474121094,60.11000061035156,63.40999984741211,51.57375717163086,51.08595275878906,53.312095642089844,56.238895416259766
2023-03-31,BHP,63.40999984741211,58.150001525878906,57.599998474121094,59.959999084472656,56.238895416259766,51.57375717163086,51.08595275878906,53.17905807495117
2023-04-07,BHP,59.959999084472656,63.40999984741211,58.150001525878906,61.58000183105469,53.17905807495117,56.238895416259766,51.57375717163086,54.61585235595703
2023-04-14,BHP,61.58000183105469,59.959999084472656,63.40999984741211,58.75,54.61585235595703,53.17905807495117,56.238895416259766,52.10589599609375
2023-04-21,BHP,58.75,61.58000183105469,59.959999084472656,59.040000915527344,52.10589599609375,54.61585235595703,53.17905807495117,52.36310958862305
2023-04-28,BHP,59.040000915527344,58.75,61.58000183105469,60.790000915527344,52.36310958862305,52.10589599609375,54.61585235595703,53.915199279785156
2023-05-05,BHP,60.790000915527344,59.040000915527344,58.75,58.310001373291016,53.915199279785156,52.36310958862305,52.10589599609375,51.71566390991211
2023-05-12,BHP,58.310001373291016,60.790000915527344,59.040000915527344,58.529998779296875,51.71566390991211,53.915199279785156,52.36310958862305,51.91078186035156
2023-05-19,BHP,58.529998779296875,58.310001373291016,60.790000915527344,56.66999816894531,51.91078186035156,51.71566390991211,53.915199279785156,50.26112747192383
2023-05-26,BHP,56.66999816894531,58.529998779296875,58.310001373291016,58.720001220703125,50.26112747192383,51.91078186035156,51.71566390991211,52.07929611206055
2023-06-02,BHP,58.720001220703125,56.66999816894531,58.529998779296875,59.65999984741211,52.07929611206055,50.26112747192383,51.91078186035156,52.912986755371094
2023-06-09,BHP,59.65999984741211,58.720001220703125,56.66999816894531,63.16999816894531,52.912986755371094,52.07929611206055,50.26112747192383,56.026039123535156
2023-06-16,BHP,63.16999816894531,59.65999984741211,58.720001220703125,59.310001373291016,56.026039123535156,52.912986755371094,52.07929611206055,52.60257339477539
2023-06-23,BHP,59.310001373291016,63.16999816894531,59.65999984741211,59.66999816894531,52.60257339477539,56.026039123535156,52.912986755371094,52.92185592651367
2023-06-30,BHP,59.66999816894531,59.310001373291016,63.16999816894531,58.029998779296875,52.92185592651367,52.60257339477539,56.026039123535156,51.46732711791992
2023-07-07,BHP,58.029998779296875,59.66999816894531,59.310001373291016,62.099998474121094,51.46732711791992,52.92185592651367,52.60257339477539,55.07704544067383
2023-07-14,BHP,62.099998474121094,58.029998779296875,59.66999816894531,60.7400016784668,55.07704544067383,51.46732711791992,52.92185592651367,53.870853424072266
2023-07-21,BHP,60.7400016784668,62.099998474121094,58.029998779296875,61.33000183105469,53.870853424072266,55.07704544067383,51.46732711791992,54.394126892089844
2023-07-28,BHP,61.33000183105469,60.7400016784668,62.099998474121094,59.88999938964844,54.394126892089844,53.870853424072266,55.07704544067383,53.11697769165039
2023-08-04,BHP,59.88999938964844,61.33000183105469,60.7400016784668,58.959999084472656,53.11697769165039,54.394126892089844,53.870853424072266,52.29214859008789
2023-08-11,BHP,58.959999084472656,59.88999938964844,61.33000183105469,55.79999923706055,52.29214859008789,53.11697769165039,54.394126892089844,49.4895133972168
2023-08-18,BHP,55.79999923706055,58.959999084472656,59.88999938964844,55.209999084472656,49.4895133972168,52.29214859008789,53.11697769165039,48.966243743896484
2023-08-25,BHP,55.209999084472656,55.79999923706055,58.959999084472656,58.2599983215332,48.966243743896484,49.4895133972168,52.29214859008789,51.67131423950195
2023-09-01,BHP,58.2599983215332,55.209999084472656,55.79999923706055,54.9900016784668,51.67131423950195,48.966243743896484,49.4895133972168,50.14254379272461
2023-09-08,BHP,54.9900016784668,58.2599983215332,55.209999084472656,58.45000076293945,50.14254379272461,51.67131423950195,48.966243743896484,53.297542572021484
2023-09-15,BHP,58.45000076293945,54.9900016784668,58.2599983215332,56.75,53.297542572021484,50.14254379272461,51.67131423950195,51.74739456176758
2023-09-22,BHP,56.75,58.45000076293945,54.9900016784668,56.880001068115234,51.74739456176758,53.297542572021484,50.14254379272461,51.865936279296875
2023-09-29,BHP,56.880001068115234,56.75,58.45000076293945,56.95000076293945,51.865936279296875,51.74739456176758,53.297542572021484,51.92976760864258
2023-10-06,BHP,56.95000076293945,56.880001068115234,56.75,56.599998474121094,51.92976760864258,51.865936279296875,51.74739456176758,51.610618591308594
2023-10-13,BHP,56.599998474121094,56.95000076293945,56.880001068115234,54.849998474121094,51.610618591308594,51.92976760864258,51.865936279296875,50.01488494873047
2023-10-20,BHP,54.849998474121094,56.599998474121094,56.95000076293945,57.189998626708984,50.01488494873047,51.610618591308594,51.92976760864258,52.14860916137695
2023-10-27,BHP,57.189998626708984,54.849998474121094,56.599998474121094,59.119998931884766,52.14860916137695,50.01488494873047,51.610618591308594,53.90847396850586
2023-11-03,BHP,59.119998931884766,57.189998626708984,54.849998474121094,58.06999969482422,53.90847396850586,52.14860916137695,50.01488494873047,52.95103454589844
2023-11-10,BHP,58.06999969482422,59.119998931884766,57.189998626708984,60.90999984741211,52.95103454589844,53.90847396850586,52.14860916137695,55.540687561035156
2023-11-17,BHP,60.90999984741211,58.06999969482422,59.119998931884766,62.0099983215332,55.540687561035156,52.95103454589844,53.90847396850586,56.54372024536133
2023-11-24,BHP,62.0099983215332,60.90999984741211,58.06999969482422,62.939998626708984,56.54372024536133,55.540687561035156,52.95103454589844,57.39173889160156
2023-12-01,BHP,62.939998626708984,62.0099983215332,60.90999984741211,62.459999084472656,57.39173889160156,56.54372024536133,55.540687561035156,56.95405197143555
2023-12-08,BHP,62.459999084472656,62.939998626708984,62.0099983215332,65.79000091552734,56.95405197143555,57.39173889160156,56.54372024536133,59.990509033203125
2023-12-15,BHP,65.79000091552734,62.459999084472656,62.939998626708984,67.81999969482422,59.990509033203125,56.95405197143555,57.39173889160156,61.84156036376953
2023-12-22,BHP,67.81999969482422,65.79000091552734,62.459999084472656,68.30999755859375,61.84156036376953,59.990509033203125,56.95405197143555,62.288360595703125
2023-12-29,BHP,68.30999755859375,67.81999969482422,65.79000091552734,66.0199966430664,62.288360595703125,61.84156036376953,59.990509033203125,60.200225830078125
2024-01-05,BHP,66.0199966430664,68.30999755859375,67.81999969482422,63.2599983215332,60.200225830078125,62.288360595703125,61.84156036376953,57.683528900146484
2024-01-12,BHP,63.2599983215332,66.0199966430664,68.30999755859375,60.529998779296875,57.683528900146484,60.200225830078125,62.288360595703125,55.194183349609375
2024-01-19,BHP,60.529998779296875,63.2599983215332,66.0199966430664,61.959999084472656,55.194183349609375,57.683528900146484,60.200225830078125,56.49812698364258
2024-01-26,BHP,61.959999084472656,60.529998779296875,63.2599983215332,61.09000015258789,56.49812698364258,55.194183349609375,57.683528900146484,55.70481872558594
2024-02-02,BHP,61.09000015258789,61.959999084472656,60.529998779296875,60.18000030517578,55.70481872558594,56.49812698364258,55.194183349609375,54.87503433227539
2024-02-09,BHP,60.18000030517578,61.09000015258789,61.959999084472656,60.34000015258789,54.87503433227539,55.70481872558594,56.49812698364258,55.02093505859375
2024-02-16,BHP,60.34000015258789,60.18000030517578,61.09000015258789,58.310001373291016,55.02093505859375,54.87503433227539,55.70481872558594,53.16987991333008
2024-02-23,BHP,58.310001373291016,60.34000015258789,60.18000030517578,58.34000015258789,53.16987991333008,55.02093505859375,54.87503433227539,53.197235107421875
2024-03-01,BHP,58.34000015258789,58.310001373291016,60.34000015258789,57.29999923706055,53.197235107421875,53.16987991333008,55.02093505859375,53.56610870361328
2024-03-08,BHP,57.29999923706055,58.34000015258789,58.310001373291016,55.66999816894531,53.56610870361328,53.197235107421875,53.16987991333008,52.042327880859375
2024-03-15,BHP,55.66999816894531,57.29999923706055,58.34000015258789,57.040000915527344,52.042327880859375,53.56610870361328,53.197235107421875,53.323055267333984
2024-03-22,BHP,57.040000915527344,55.66999816894531,57.29999923706055,57.689998626708984,53.323055267333984,52.042327880859375,53.56610870361328,53.930694580078125
2024-03-29,BHP,57.689998626708984,57.040000915527344,55.66999816894531,57.65999984741211,53.930694580078125,53.323055267333984,52.042327880859375,53.90264892578125
2024-04-05,BHP,57.65999984741211,57.689998626708984,57.040000915527344,58.560001373291016,53.90264892578125,53.930694580078125,53.323055267333984,54.7440071105957
2024-04-12,BHP,58.560001373291016,57.65999984741211,57.689998626708984,58.119998931884766,54.7440071105957,53.90264892578125,53.930694580078125,54.33267593383789
2024-04-19,BHP,58.119998931884766,58.560001373291016,57.65999984741211,56.43000030517578,54.33267593383789,54.7440071105957,53.90264892578125,52.75279998779297
2024-04-26,BHP,56.43000030517578,58.119998931884766,58.560001373291016,56.2599983215332,52.75279998779297,54.33267593383789,54.7440071105957,52.59387969970703
2024-05-03,BHP,56.2599983215332,56.43000030517578,58.119998931884766,57.189998626708984,52.59387969970703,52.75279998779297,54.33267593383789,53.463279724121094
2024-05-10,BHP,57.189998626708984,56.2599983215332,56.43000030517578,61.470001220703125,53.463279724121094,52.59387969970703,52.75279998779297,57.464378356933594
2024-05-17,BHP,61.470001220703125,57.189998626708984,56.2599983215332,59.630001068115234,57.464378356933594,53.463279724121094,52.59387969970703,55.74428176879883
2024-05-24,BHP,59.630001068115234,61.470001220703125,57.189998626708984,59.529998779296875,55.74428176879883,57.464378356933594,53.463279724121094,55.650794982910156
2024-05-31,BHP,59.529998779296875,59.630001068115234,61.470001220703125,58.189998626708984,55.650794982910156,55.74428176879883,57.464378356933594,54.39811706542969
2024-06-07,BHP,58.189998626708984,59.529998779296875,59.630001068115234,56.83000183105469,54.39811706542969,55.650794982910156,55.74428176879883,53.126739501953125
2024-06-14,BHP,56.83000183105469,58.189998626708984,59.529998779296875,56.58000183105469,53.126739501953125,54.39811706542969,55.650794982910156,52.89303207397461
2024-06-21,BHP,56.58000183105469,56.83000183105469,58.189998626708984,57.09000015258789,52.89303207397461,53.126739501953125,54.39811706542969,53.36979675292969
2024-06-28,BHP,57.09000015258789,56.58000183105469,56.83000183105469,59.4900016784668,53.36979675292969,52.89303207397461,53.126739501953125,55.613407135009766
2024-07-05,BHP,59.4900016784668,57.09000015258789,56.58000183105469,59.27000045776367,55.613407135009766,53.36979675292969,52.89303207397461,55.407737731933594
2024-07-12,BHP,59.27000045776367,59.4900016784668,57.09000015258789,55.650001525878906,55.407737731933594,55.613407135009766,53.36979675292969,52.02363204956055
2024-07-19,BHP,55.650001525878906,59.27000045776367,59.4900016784668,55.380001068115234,52.02363204956055,55.407737731933594,55.613407135009766,51.77122497558594
2024-07-26,BHP,55.380001068115234,55.650001525878906,59.27000045776367,54.0099983215332,51.77122497558594,52.02363204956055,55.407737731933594,50.49049758911133
2024-08-02,BHP,54.0099983215332,55.380001068115234,55.650001525878906,53.7599983215332,50.49049758911133,51.77122497558594,52.02363204956055,50.25679016113281
2024-08-09,BHP,53.7599983215332,54.0099983215332,55.380001068115234,53.2400016784668,50.25679016113281,50.49049758911133,51.77122497558594,49.77067565917969
2024-08-16,BHP,53.2400016784668,53.7599983215332,54.0099983215332,55.189998626708984,49.77067565917969,50.25679016113281,50.49049758911133,51.593605041503906
2024-08-23,BHP,55.189998626708984,53.2400016784668,53.7599983215332,55.130001068115234,51.593605041503906,49.77067565917969,50.25679016113281,51.53751754760742
2024-08-30,BHP,55.130001068115234,55.189998626708984,53.2400016784668,51.38999938964844,51.53751754760742,51.593605041503906,49.77067565917969,48.041229248046875
2024-09-06,BHP,51.38999938964844,55.130001068115234,55.189998626708984,52.88999938964844,48.041229248046875,51.53751754760742,51.593605041503906,50.84532928466797
2024-09-13,BHP,52.88999938964844,51.38999938964844,55.130001068115234,53.790000915527344,50.84532928466797,48.041229248046875,51.53751754760742,51.71053695678711
2024-09-20,BHP,53.790000915527344,52.88999938964844,51.38999938964844,62.0099983215332,51.71053695678711,50.84532928466797,48.041229248046875,59.61275863647461
2024-09-27,BHP,62.0099983215332,53.790000915527344,52.88999938964844,60.56999969482422,59.61275863647461,51.71053695678711,50.84532928466797,58.22842788696289
2024-10-04,BHP,60.56999969482422,62.0099983215332,53.790000915527344,58.95000076293945,58.22842788696289,59.61275863647461,51.71053695678711,56.67105484008789
2024-10-11,BHP,58.95000076293945,60.56999969482422,62.0099983215332,57.119998931884766,56.67105484008789,58.22842788696289,59.61275863647461,54.911800384521484
2024-10-18,BHP,57.119998931884766,58.95000076293945,60.56999969482422,56.439998626708984,54.911800384521484,56.67105484008789,58.22842788696289,54.25809097290039
2024-10-25,BHP,56.439998626708984,57.119998931884766,58.95000076293945,55.939998626708984,54.25809097290039,54.911800384521484,56.67105484008789,53.77741622924805
2024-11-01,BHP,55.939998626708984,56.439998626708984,57.119998931884766,55.189998626708984,53.77741622924805,54.25809097290039,54.911800384521484,53.05641174316406
2024-11-08,BHP,55.189998626708984,55.939998626708984,56.439998626708984,51.84000015258789,53.05641174316406,53.77741622924805,54.25809097290039,49.83592224121094
2024-11-15,BHP,51.84000015258789,55.189998626708984,55.939998626708984,52.36000061035156,49.83592224121094,53.05641174316406,53.77741622924805,50.335819244384766
2024-11-22,BHP,52.36000061035156,51.84000015258789,55.189998626708984,52.650001525878906,50.335819244384766,49.83592224121094,53.05641174316406,50.61460876464844
2024-11-29,BHP,52.650001525878906,52.36000061035156,51.84000015258789,51.400001525878906,50.61460876464844,50.335819244384766,49.83592224121094,49.412933349609375
2024-12-06,BHP,51.400001525878906,52.650001525878906,52.36000061035156,51.66999816894531,49.412933349609375,50.61460876464844,50.335819244384766,49.67249298095703
2024-12-13,BHP,51.66999816894531,51.400001525878906,52.650001525878906,49.20000076293945,49.67249298095703,49.412933349609375,50.61460876464844,47.29798126220703
2024-12-20,BHP,49.20000076293945,51.66999816894531,51.400001525878906,49.209999084472656,47.29798126220703,49.67249298095703,49.412933349609375,47.307594299316406
2024-12-27,BHP,49.209999084472656,49.20000076293945,51.66999816894531,48.810001373291016,47.307594299316406,47.29798126220703,49.67249298095703,46.923057556152344
2025-01-03,BHP,48.810001373291016,49.209999084472656,49.20000076293945,48.540000915527344,46.923057556152344,47.307594299316406,47.29798126220703,46.66349792480469
2025-01-10,BHP,48.540000915527344,48.810001373291016,49.209999084472656,50.09000015258789,46.66349792480469,46.923057556152344,47.307594299316406,48.1535758972168
2025-01-17,BHP,50.09000015258789,48.540000915527344,48.810001373291016,49.869998931884766,48.1535758972168,46.66349792480469,46.923057556152344,47.942081451416016
2025-01-24,BHP,49.869998931884766,50.09000015258789,48.540000915527344,49.150001525878906,47.942081451416016,48.1535758972168,46.66349792480469,47.249916076660156
2025-01-31,BHP,49.150001525878906,49.869998931884766,50.09000015258789,50.349998474121094,47.249916076660156,47.942081451416016,48.1535758972168,48.40352249145508
2025-02-07,BHP,50.349998474121094,49.150001525878906,49.869998931884766,51.54999923706055,48.40352249145508,47.249916076660156,47.942081451416016,49.55712890625
2025-02-14,BHP,51.54999923706055,50.349998474121094,49.150001525878906,51.439998626708984,49.55712890625,48.40352249145508,47.249916076660156,49.45138168334961
2025-02-21,BHP,51.439998626708984,51.54999923706055,50.349998474121094,48.47999954223633,49.45138168334961,49.55712890625,48.40352249145508,46.60581588745117
2025-02-28,BHP,48.47999954223633,51.439998626708984,51.54999923706055,50.15999984741211,46.60581588745117,49.45138168334961,49.55712890625,49.19130325317383
2025-03-07,BHP,50.15999984741211,48.47999954223633,51.439998626708984,49.45000076293945,49.19130325317383,46.60581588745117,49.45138168334961,48.49501419067383
2025-03-14,BHP,49.45000076293945,50.15999984741211,48.47999954223633,49.150001525878906,48.49501419067383,49.19130325317383,46.60581588745117,48.200809478759766
2025-03-21,BHP,49.150001525878906,49.45000076293945,50.15999984741211,48.91999816894531,48.200809478759766,48.49501419067383,49.19130325317383,47.97524642944336
2025-03-28,BHP,48.91999816894531,49.150001525878906,49.45000076293945,42.06999969482422,47.97524642944336,48.200809478759766,48.49501419067383,41.257537841796875
2025-04-04,BHP,42.06999969482422,48.91999816894531,49.150001525878906,45.25,41.257537841796875,47.97524642944336,48.200809478759766,44.37612533569336
2025-04-11,BHP,45.25,42.06999969482422,48.91999816894531,46.4900016784668,44.37612533569336,41.257537841796875,47.97524642944336,45.59217834472656
2025-04-18,BHP,46.4900016784668,45.25,42.06999969482422,48.209999084472656,45.59217834472656,44.37612533569336,41.257537841796875,47.278961181640625
2025-04-25,BHP,48.209999084472656,46.4900016784668,45.25,48.83000183105469,47.278961181640625,45.59217834472656,44.37612533569336,47.88698959350586
2025-05-02,BHP,48.83000183105469,48.209999084472656,46.4900016784668,48.66999816894531,47.88698959350586,47.278961181640625,45.59217834472656,47.73007583618164
2025-05-09,BHP,48.66999816894531,48.83000183105469,48.209999084472656,50.5099983215332,47.73007583618164,47.88698959350586,47.278961181640625,49.534542083740234
2025-05-16,BHP,50.5099983215332,48.66999816894531,48.83000183105469,49.88999938964844,49.534542083740234,47.73007583618164,47.88698959350586,48.926517486572266
2025-05-23,BHP,49.88999938964844,50.5099983215332,48.66999816894531,48.9900016784668,48.926517486572266,49.534542083740234,47.73007583618164,48.04389953613281
2025-05-30,BHP,48.9900016784668,49.88999938964844,50.5099983215332,49.58000183105469,48.04389953613281,48.926517486572266,49.534542083740234,48.62250518798828
2025-06-06,BHP,49.58000183105469,48.9900016784668,49.88999938964844,48.54999923706055,48.62250518798828,48.04389953613281,48.926517486572266,47.612396240234375
2025-06-13,BHP,48.54999923706055,49.58000183105469,48.9900016784668,46.13999938964844,47.612396240234375,48.62250518798828,48.04389953613281,45.24893569946289
2025-06-20,BHP,46.13999938964844,48.54999923706055,49.58000183105469,48.619998931884766,45.24893569946289,47.612396240234375,48.62250518798828,47.6810417175293
2025-06-27,BHP,48.619998931884766,46.13999938964844,48.54999923706055,50.52000045776367,47.6810417175293,45.24893569946289,47.612396240234375,49.544349670410156
2025-07-04,BHP,50.52000045776367,48.619998931884766,46.13999938964844,52.08000183105469,49.544349670410156,47.6810417175293,45.24893569946289,51.07422637939453
2025-07-11,BHP,52.08000183105469,50.52000045776367,48.619998931884766,51.84000015258789,51.07422637939453,49.544349670410156,47.6810417175293,50.83885955810547
2025-07-18,BHP,51.84000015258789,52.08000183105469,50.52000045776367,53.150001525878906,50.83885955810547,51.07422637939453,49.544349670410156,52.12356185913086
2025-07-25,BHP,53.150001525878906,51.84000015258789,52.08000183105469,50.72999954223633,52.12356185913086,50.83885955810547,51.07422637939453,49.75029373168945
2025-08-01,BHP,50.72999954223633,53.150001525878906,51.84000015258789,52.86000061035156,49.75029373168945,52.12356185913086,50.83885955810547,51.83916091918945
2025-08-08,BHP,52.86000061035156,50.72999954223633,53.150001525878906,54.150001525878906,51.83916091918945,49.75029373168945,52.12356185913086,53.104248046875
2025-08-15,BHP,54.150001525878906,52.86000061035156,50.72999954223633,55.95000076293945,53.104248046875,51.83916091918945,49.75029373168945,54.86948776245117
2025-08-22,BHP,55.95000076293945,54.150001525878906,52.86000061035156,55.77000045776367,54.86948776245117,53.104248046875,51.83916091918945,54.692962646484375
2025-08-29,BHP,55.77000045776367,55.95000076293945,54.150001525878906,54.38999938964844,54.692962646484375,54.86948776245117,53.104248046875,53.3396110534668
2025-09-05,BHP,54.38999938964844,55.77000045776367,55.95000076293945,54.06999969482422,53.3396110534668,54.692962646484375,54.86948776245117,53.02579116821289
2025-09-12,BHP,54.06999969482422,54.38999938964844,55.77000045776367,52.13999938964844,53.02579116821289,53.3396110534668,54.692962646484375,51.13306427001953
2025-09-19,BHP,52.13999938964844,54.06999969482422,54.38999938964844,54.7400016784668,51.13306427001953,53.02579116821289,53.3396110534668,53.68285369873047
2025-09-26,BHP,54.7400016784668,52.13999938964844,54.06999969482422,55.470001220703125,53.68285369873047,51.13306427001953,53.02579116821289,54.39875793457031
2025-10-03,BHP,55.470001220703125,54.7400016784668,52.13999938964844,53.619998931884766,54.39875793457031,53.68285369873047,51.13306427001953,52.58448028564453
2025-10-10,BHP,53.619998931884766,55.470001220703125,54.7400016784668,55.59000015258789,52.58448028564453,54.39875793457031,53.68285369873047,54.51643753051758
2025-10-17,BHP,55.59000015258789,53.619998931884766,55.470001220703125,55.619998931884766,54.51643753051758,52.58448028564453,54.39875793457031,54.54585647583008
2025-10-24,BHP,55.619998931884766,55.59000015258789,53.619998931884766,57.04999923706055,54.54585647583008,54.51643753051758,52.58448028564453,55.9482421875
2025-10-31,BHP,57.04999923706055,55.619998931884766,55.59000015258789,55.15999984741211,55.9482421875,54.54585647583008,54.51643753051758,54.09474182128906
2025-11-07,BHP,55.15999984741211,57.04999923706055,55.619998931884766,55.22999954223633,54.09474182128906,55.9482421875,54.54585647583008,54.16339111328125
2025-11-14,BHP,55.22999954223633,55.15999984741211,57.04999923706055,53.08000183105469,54.16339111328125,54.09474182128906,55.9482421875,52.05491256713867
2025-11-21,BHP,53.08000183105469,55.22999954223633,55.15999984741211,54.72999954223633,52.05491256713867,54.16339111328125,54.09474182128906,53.67304611206055
2025-11-28,BHP,54.72999954223633,53.08000183105469,55.22999954223633,58.849998474121094,53.67304611206055,52.05491256713867,54.16339111328125,57.713478088378906
2025-12-05,BHP,58.849998474121094,54.72999954223633,53.08000183105469,59.63999938964844,57.713478088378906,53.67304611206055,52.05491256713867,58.488224029541016
2025-12-12,BHP,59.63999938964844,58.849998474121094,54.72999954223633,59.31999969482422,58.488224029541016,57.713478088378906,53.67304611206055,58.17440414428711
2025-12-19,BHP,59.31999969482422,59.63999938964844,58.849998474121094,61.88999938964844,58.17440414428711,58.488224029541016,57.713478088378906,60.69477081298828
2025-12-26,BHP,61.88999938964844,59.31999969482422,59.63999938964844,61.7599983215332,60.69477081298828,58.17440414428711,58.488224029541016,60.56727981567383
2026-01-02,BHP,61.7599983215332,61.88999938964844,59.31999969482422,61.720001220703125,60.56727981567383,60.69477081298828,58.17440414428711,60.52805709838867
2026-01-09,BHP,61.720001220703125,61.7599983215332,61.88999938964844,64.86000061035156,60.52805709838867,60.56727981567383,60.69477081298828,63.60741424560547
2026-01-16,BHP,64.86000061035156,61.720001220703125,61.7599983215332,67.5199966430664,63.60741424560547,60.52805709838867,60.56727981567383,66.2160415649414
2026-01-23,BHP,67.5199966430664,64.86000061035156,61.720001220703125,68.7300033569336,66.2160415649414,63.60741424560547,60.52805709838867,67.40267944335938
2026-01-30,BHP,68.7300033569336,67.5199966430664,64.86000061035156,69.63999938964844,67.40267944335938,66.2160415649414,63.60741424560547,68.29510498046875
2026-02-06,BHP,69.63999938964844,68.7300033569336,67.5199966430664,73.37999725341797,68.29510498046875,67.40267944335938,66.2160415649414,71.96287536621094
2026-02-13,BHP,73.37999725341797,69.63999938964844,68.7300033569336,76.81999969482422,71.96287536621094,68.29510498046875,67.40267944335938,75.33644104003906
2026-02-20,BHP,76.81999969482422,73.37999725341797,69.63999938964844,81.56999969482422,75.33644104003906,71.96287536621094,68.29510498046875,79.99470520019531
2026-02-27,BHP,81.56999969482422,76.81999969482422,73.37999725341797,71.8499984741211,79.99470520019531,75.33644104003906,71.96287536621094,71.8499984741211
2026-03-06,BHP,71.8499984741211,81.56999969482422,76.81999969482422,68.73999786376953,71.8499984741211,79.99470520019531,75.33644104003906,68.73999786376953
2026-03-13,BHP,68.73999786376953,71.8499984741211,81.56999969482422,65.29000091552734,68.73999786376953,71.8499984741211,79.99470520019531,65.29000091552734
2026-03-20,BHP,65.29000091552734,68.73999786376953,71.8499984741211,70.01000213623047,65.29000091552734,68.73999786376953,71.8499984741211,70.01000213623047
